code,description,marca,price_distributor,price_distributor_with_ipi,price_final,price_final_with_ipi,priceresale,priceresalewithipi
5L500,BATERIA DE LITIO NAO RECARREGAVEL,,2288.58,2511.72,2542.87,2790.80,,
3L960,BATERIA DE NIMH INTERNA RECARREGAVEL,,2379.44,2611.44,2643.83,2901.60,,
AM1000,BATERIA LIMNO2 12 VOLT,,4202.00,4611.70,4668.89,5124.11,,
5931-A,BATERIA NICD 12 VOLT 1.9 AH,,2165.87,2377.04,2406.52,2641.15,,
CA20-006,ADAPTADOR TUBO ADT PDT CAPNOGRAFIA TIPO T,,21.46,21.74,26.82,27.17,,
CA10-001,ADAPTADOR TUBO ADULTO CAPNOGRAFIA MAIN-STREAM,,67.05,67.93,67.05,67.93,,
106260,ADAPTADOR TUBO INFANTIL CAPNOGRAFIA MAINSTREAM,,139.15,140.96,139.15,140.96,,
CA10-002,ADAPTADOR TUBO INFANTIL/NEONATAL CAPNOGRAFIA MAINSTREAM,,43.51,44.08,43.51,44.08,,
XS-04479,ADAPTADOR TUBO NEONATAL 3.0 CAPNOGRAFIA,,50.00,50.65,50.00,50.65,,
XS-04480,ADAPTADOR TUBO NEONATAL 3.5 CAPNOGRAFIA,,50.00,50.65,50.00,50.65,,
XS-04481,ADAPTADOR TUBO NEONATAL 4.0 CAPNOGRAFIA,,50.00,50.65,50.00,50.65,,
001.008.00003,FILTRO DE BACTERIA PARA ADAPTADOR TUBO ANALISE GASES,,51.63,52.30,51.63,52.30,,
CA20-014,LINHA COM ADAPTADOR TUBO ADT PDT MICROSTREAM COMP ORIDION 2M,,75.15,76.12,83.50,84.58,,
11996-000080,LINHA COM ADAPTADOR TUBO ADULTO PEDIATRICO MICROSTREAM,,288.53,303.53,288.53,303.53,,
11996-000001,LINHA COM ADAPTADOR TUBO INFANTIL NEONATAL MICROSTREAM,,214.71,225.88,268.39,282.35,,
CA20-004,"LINHA DE AMOSTRAGEM ADT PDT MACHO MACHO 2,5 M",,33.78,34.22,37.53,38.02,,
CA20-007,LINHA DE AMOSTRAGEM MACHO COM ADAPTADOR TUBO ADULTO,,48.77,49.41,48.77,49.41,,
CA20-001,LINHA NASAL ADULTO MACHO 2M,,69.06,69.96,69.06,69.96,,
XS-04475,LINHA NASAL PEDIATRICA MICROSTREAM,,65.09,65.94,65.09,65.94,,
RE-WT002A,WATER TRAP ADT PDT COMPATÍVEL MINDRAY BENEVISION BENEVIEW,,89.64,90.81,112.05,113.51,,
RE-WT001A,WATER TRAP ADT PDT COMPATÍVEL MINDRAY IMEC MEC PM BENEHEART,,76.24,77.24,95.30,96.54,,
CA20-013,WATER TRAP COMPATIVEL GE,,110.11,111.55,137.64,139.43,,
CA20-053,WATER TRAP COMPATIVEL GE,,64.99,65.83,81.23,82.29,,
CA20-008,WATER TRAP COMPATÍVEL PHILIPS,,234.75,237.81,293.44,297.26,,
938F-NC,WATER TRAP CRITICARE,,133.92,135.66,133.92,135.66,,
RE-WT002N,WATER TRAP NEONATAL COMPATÍVEL BENEVISION BENEVIEW MINDRAY,,83.31,84.40,104.14,105.50,,
RE-WT001N,WATER TRAP NEONATAL COMPATÍVEL MINDRAY,,78.18,79.20,97.73,99.00,,
WL-01,WATERLOCK COMPATÍVEL DRAGER,,114.58,116.07,114.58,116.07,,
A34,CONECTOR LUER LOCK FEMEA METAL,,21.50,21.78,26.88,27.23,,
A33,CONECTOR LUER LOCK MACHO METAL,,21.50,21.78,26.88,27.23,,
OEM-Y1545A,CONECTOR PNI ENGATE RAPIDO FEMEA PLASTICO,,34.46,34.90,43.07,43.63,,
A,14 CONECTOR PNI ENGATE RAPIDO MACHO PLASTICO BRANCO A14,,14.01,14.19,17.52,17.74,,
A14,CONECTOR PNI ENGATE RAPIDO MACHO PLASTICO PRETO A14,,14.02,14.20,17.52,17.75,,
A13,CONECTOR PNI FEMEA A13,,72.18,73.12,80.21,81.25,,
A03,CONECTOR PNI FEMEA METAL A03,,7.51,7.61,7.51,7.61,,
A06,CONECTOR PNI FEMEA METAL A06,,43.03,43.59,53.79,54.49,,
A10,CONECTOR PNI FEMEA PLASTICO A10,,3.75,3.80,3.75,3.80,,
A11,CONECTOR PNI FEMEA PLASTICO A11,,8.14,8.25,10.17,10.31,,
A15,CONECTOR PNI FEMEA PLASTICO A15,,15.14,15.33,15.14,15.33,,
A16,CONECTOR PNI FEMEA PLASTICO A16,,6.32,6.41,6.32,6.41,,
A07,CONECTOR PNI LUER LOCK FEMEA PLASTICO A07,,2.11,2.13,2.11,2.13,,
A08,CONECTOR PNI LUER LOCK MACHO PLASTICO A08,,2.11,2.13,2.11,2.13,,
A02,CONECTOR PNI MACHO METAL A02,,6.93,7.02,8.66,8.77,,
A04,CONECTOR PNI MACHO METAL A04,,8.86,8.97,11.07,11.22,,
A19,CONECTOR PNI MACHO METAL A19,,9.75,9.88,9.75,9.88,,
A20,CONECTOR PNI MACHO METAL A20,,8.44,8.55,8.44,8.55,,
A05,CONECTOR PNI MACHO PLASTICO A05,,7.77,7.87,9.71,9.83,,
A09,CONECTOR PNI MACHO PLASTICO A09,,2.35,2.38,2.35,2.38,,
A12,CONECTOR PNI MACHO PLASTICO A12,,9.23,9.35,11.54,11.69,,
A26,CONECTOR PNI MACHO PLASTICO A26,,1.39,1.40,1.39,1.40,,
A01,CONECTOR PNI PLASTICO A01,,2.92,2.96,3.65,3.70,,
A108,CONECTOR PNI PLASTICO A108,,54.78,55.50,54.78,55.50,,
A21,CONECTOR PNI PLASTICO A21,,8.24,8.34,8.24,8.34,,
A22,CONECTOR PNI PLASTICO A22,,45.70,46.29,57.13,57.87,,
A40,CONECTOR PNI PLASTICO A40,,61.04,66.99,61.04,66.99,,
CP24,CONECTOR PNI PLASTICO FEMEA COMPATIVEL DIXTAL,,14.62,15.58,18.28,19.47,,
CP09,CONECTOR PNI PLASTICO MACHO COMPATIVEL DIXTAL,,11.30,12.04,14.13,15.04,,
CV-50200,CONECTOR VALVULADO MULTIDOSE,,14.05,14.78,15.10,15.89,,
CSW-04-00,CABO DE DEBITO CARDIACO,,87.31,88.44,87.31,88.44,,
V0010H,ADAPTADOR TIPO GARRA PARA CABO ELETROCARDIOGRAFO,,16.69,16.91,18.55,18.79,,
EA020C3I,CABO ECG COM RABICHOS 03 VIAS TIPO GARRA AHA/IEC COMPATIVEL OMNI PHILIPS,,120.68,122.25,150.85,152.81,,
EA010C3I,CABO ECG COM RABICHOS 03 VIAS TIPO GARRA IEC COMPATIVEL DATEX,,147.79,149.71,147.79,149.71,,
EA007C3I,CABO ECG COM RABICHOS 03 VIAS TIPO GARRA IEC COMPATIVEL GE,,259.90,263.28,259.90,263.28,,
EA011C3I,CABO ECG COM RABICHOS 03 VIAS TIPO GARRA IEC COMPATIVEL HELLIGE,,136.18,137.95,136.18,137.95,,
EA050C3I,CABO ECG COM RABICHOS 03 VIAS TIPO GARRA IEC COMPATIVEL MINDRAY BENEVIEW,,298.30,302.18,298.30,302.18,,
EA023C3I,CABO ECG COM RABICHOS 03 VIAS TIPO GARRA IEC COMPATIVEL PHILIPS 12 PINOS,,280.31,283.95,280.31,283.95,,
EA041S3I,CABO ECG COM RABICHOS 03 VIAS TIPO SNAP IEC COMPATIVEL BIONET,,100.28,101.59,100.28,101.59,,
EA011C5A,CABO ECG COM RABICHOS 05 VIAS TIPO GARRA AHA COMPATIVEL HELLIGE,,138.98,140.78,138.98,140.78,,
EA414C5I,CABO ECG COM RABICHOS 05 VIAS TIPO GARRA AHA/IEC COMPATIVEL COMEN,,263.33,266.76,292.59,296.40,,
EA041C5I,CABO ECG COM RABICHOS 05 VIAS TIPO GARRA IEC COMPATIVEL BIONET,,205.58,208.25,205.58,208.25,,
EA010C5I,CABO ECG COM RABICHOS 05 VIAS TIPO GARRA IEC COMPATIVEL DATEX,,163.27,165.39,163.27,165.39,,
EA020C5I,CABO ECG COM RABICHOS 05 VIAS TIPO GARRA IEC COMPATIVEL DIXTAL OMNI MINDRAY,,206.47,209.15,206.47,209.15,,
OEM-E1118A,CABO ECG COM RABICHOS 05 VIAS TIPO GARRA IEC COMPATIVEL DIXTAL OMNI MINDRAY,,176.44,178.74,196.05,198.60,,
EA007C5I,CABO ECG COM RABICHOS 05 VIAS TIPO GARRA IEC COMPATIVEL GE DASH 4000,,223.00,225.90,278.75,282.38,,
EA050C5I,CABO ECG COM RABICHOS 05 VIAS TIPO GARRA IEC COMPATIVEL MINDRAY BENEVIEW,,236.93,240.01,263.26,266.68,,
EA023C5I,CABO ECG COM RABICHOS 05 VIAS TIPO GARRA IEC COMPATIVEL PHILIPS 12 PINOS,,236.18,239.25,262.42,265.83,,
EC020-3AI,CABO ECG TRONCO 03 VIAS,,91.38,92.57,91.38,92.57,,
EC057-3AI,CABO ECG TRONCO 03 VIAS AHA / IEC COMPATIVEL SIEMENS DRAGER,,211.12,213.87,211.12,213.87,,
EJ051-3AI,CABO ECG TRONCO 03 VIAS COMPATIVEL MINDRAY T8,,240.77,243.90,240.77,243.90,,
EE007-5AI,CABO ECG TRONCO 05 VIAS COMPATIVEL GE,,179.01,181.34,198.90,201.49,,
EJ051-5AI,CABO ECG TRONCO 05 VIAS COMPATIVEL MINDRAY T8,,281.02,284.68,281.02,284.68,,
OMAA0001,CABO ECG TRONCO 05 VIAS OMNI 800,,96.20,97.45,96.20,97.45,,
EP055-6I,CABO ECG TRONCO 06 VIAS IEC COMPATIVEL NIHON KOHDEN,,265.97,269.43,265.97,269.43,,
VA018BCI,CABO ELETROCARDIOGRAFO COM RABICHO BANANA AHA/IEC - PHILIPS,,329.21,333.49,329.21,333.49,,
VA001BNI,CABO ELETROCARDIOGRAFO COM RABICHO BANANA IEC - NIHON BIOCARE BIONET EDAN,,238.70,241.80,298.37,302.25,,
VA008BBI,CABO ELETROCARDIOGRAFO COM RABICHO BANANA IEC/AHA - GE MARQUETTE,,312.92,316.99,347.69,352.21,,
VA001DAI,CABO ELETROCARDIOGRAFO COM RABICHO DIN IEC - NIHON KOHDEN,,187.42,189.86,234.28,237.32,,
VA008CBI,CABO ELETROCARDIOGRAFO COM RABICHO GARRA AHA/IEC - GE MARQUETTE,,295.82,299.67,328.69,332.97,,
VA020CBI,CABO ELETROCARDIOGRAFO COM RABICHO GARRA IEC - MINDRAY,,318.24,322.38,318.24,322.38,,
VA001CNI,CABO ELETROCARDIOGRAFO COM RABICHO GARRA IEC - NIHON BIOCARE BIONET EDAN,,226.65,229.60,283.32,287.00,,
OEM-V0051A,CABO ELETROCARDIOGRAFO COM RABICHO LONGO GARRA IEC - MICROMED,,464.20,470.24,464.20,470.24,,
VA018CCI,CABO ELETROCARDIOGRAFO RABICHO GARRA IEC - PHILIPS,,348.57,353.10,387.30,392.33,,
EQ056-5AI,CABO MULTI-LINK ECG 5 VIAS SPO2 TEMP COMPATIVEL DRAGER,,903.63,915.37,903.63,915.37,,
EQ091-6AI,CABO MULTI-LINK ECG 6 PINOS 5 VIAS SPO2 TEMP COMPATIVEL DRAGER,,999.49,1012.48,999.49,1012.48,,
EE-096P5I,CABO RABICHO SERIE PARA ECG TRONCO 5 VIAS COMPATIVEL GE,,378.56,383.48,378.56,383.48,,
A41,CONECTOR PNI PLASTICO A41,,6.42,6.50,8.03,8.13,,
EJ040C3I,CONJUNTO DE RABICHOS ECG ADULTO 3 VIAS IEC GARRA COMPATIVEL MINDRAY,,180.93,183.28,180.93,183.28,,
OMAB0011,CONJUNTO DE RABICHOS ECG ADULTO 5 LEADS GARRA LL,,62.53,63.34,62.53,63.34,,
EQ040C5I,CONJUNTO DE RABICHOS ECG ADULTO 5 VIAS AHA/IEC GARRA COMPATIVEL DRAGER,,250.73,253.99,278.59,282.21,,
EJ040C5I,CONJUNTO DE RABICHOS ECG ADULTO 5 VIAS AHA/IEC GARRA COMPATIVEL MINDRAY DRAGER,,224.76,227.68,280.95,284.60,,
EN032C5I,CONJUNTO DE RABICHOS ECG ADULTO 5 VIAS AHA/IEC GARRA COMPATIVEL NIHON KOHDEN,,212.51,215.28,212.51,215.28,,
OMAB0003,CONJUNTO DE RABICHOS ECG ADULTO 5 VIAS GARRA DIN,,90.11,91.28,90.11,91.28,,
EE051C5I-GM,CONJUNTO DE RABICHOS ECG ADULTO 5 VIAS IEC GARRA COMPATIVEL GE,,232.11,235.13,232.11,235.13,,
EQ040C6I,CONJUNTO DE RABICHOS ECG ADULTO 6 VIAS AHA/IEC GARRA COMPATIVEL DRAGER,,305.58,309.56,305.58,309.56,,
V0012M-I,ELETRODO ECG CARDIOCLIP MEDLINKET,,131.01,132.71,163.76,165.89,,
V0013C-A,ELETRODO ECG SUCÇÃO MEDLINKET,,152.69,154.67,190.86,193.34,,
OBM-SL0071A,ORGANIZADOR DE FIOS PARA CONJUNTO DE RABICHO PARA ECG,,20.63,22.64,20.63,22.64,,
391,PAPEL IMPRESSAO ECG 50MM X 22M,,11.52,11.52,14.40,14.40,,
227,PAPEL PARA ELETRO ECG-1206C MEDIKEE 110MM X 20MTS,,19.82,19.82,22.02,22.02,,
172,PAPEL TERMO SENSIVEL PARA ECG - BLOCO C/100 FLS- 216 X 280MM DIXTAL EP-3/12,,16.69,16.69,16.69,16.69,,
165,PAPEL TERMO SENSIVEL PARA ECG - ROLO - 216MM X 30M BIONET,,25.12,25.12,25.12,25.12,,
XJ43,PAPEL TERMOSSENSIVEL 80MM X 15 MTS PARA ELETROCARDIOGRAFO ECG-1203C - MEDIKEE ORIGINAL,,17.17,17.17,17.17,17.17,,
CGD-TG9045-23M,PAPEL TERMOSSENSIVEL ECG 100MM X 23M,,78.12,78.12,78.12,78.12,,
182,PAPEL TERMOSSENSIVEL ECG 80MM X 20MTS,,13.47,13.47,16.84,16.84,,
00184,PAPEL TERMOSSENSIVEL ELETRO ECG-1203C MEDIKEE 80MM X 15MTS,,12.90,12.90,16.12,16.12,,
00149,PAPEL TERMOSSENSIVEL ELETRO MAC 400/600 GE 80MM X 90M X 280 FLS,,31.97,31.97,31.97,31.97,,
148,PAPEL TERMOSSENSIVEL ELETRO MAC 800 GE 110MM X 140M X 400 FLS,,61.18,61.18,61.18,61.18,,
9903030901,SENSOR EEG ANESTESIA DESCARTAVEL ADT GE MEDLINKET,,118.03,119.56,118.03,119.56,,
ODM-DE0062D,ELETRODO ADULTO PARA DESFIBRILAÇÃO COMPATÍVEL CMOS DRAKE AB,,196.00,198.55,280.00,283.64,,
ODM-DE0062C,ELETRODO ADULTO PARA DESFIBRILAÇÃO COMPATÍVEL CMOS DRAKE PTO,,196.00,198.55,280.00,283.64,,
ODM-DE0062G,ELETRODO ADULTO PARA DESFIBRILAÇÃO COMPATÍVEL INSTRAMED,,196.00,198.55,280.00,283.64,,
ODM-DE0062B,ELETRODO ADULTO PARA DESFIBRILAÇÃO COMPATIVEL MINDRAY,,196.00,198.55,280.00,283.64,,
ODM-DE0062H,ELETRODO ADULTO PARA DESFIBRILAÇÃO COMPATÍVEL PHILIPS,,196.00,198.55,280.00,283.64,,
ECG90A,ELETROCARDIOGRAFO PORTATIL MODELO ECG90A,,2790.96,2827.25,3101.07,3141.39,,
ECG300G,ELETROCARDIOGRAFO TRES CANAIS MODELO ECG300G,,4488.34,4546.69,4987.05,5051.88,,
1RW01-0011,MALETA PARA TRANSPORTE / CAIXA EM POLIPROPILENO PARA RESSUSCITADOR CARDIO PULMONAR,,36.04,38.39,40.05,42.65,,
ME6141,MASCARA EM SILICONE # 0 NEONATAL/INFANTIL PARA RESSUSCITADOR CARDIO PULMONAR,,9.51,10.00,9.51,10.00,,
ME6143,MASCARA EM SILICONE # 2 PEDIATRICO PARA RESSUSCITADOR CARDIO PULMONAR,,15.94,16.77,15.94,16.77,,
ME6144,MASCARA EM SILICONE # 4 ADULTO PARA RESSUSCITADOR CARDIO PULMONAR,,15.94,16.77,15.94,16.77,,
ME6145,MASCARA EM SILICONE # 5 ADULTO GRANDE PARA RESSUSCITADOR CARDIO PULMONAR,,42.56,44.78,42.56,44.78,,
AM-802,OXIMETRO DE DEDO AM-802,,116.69,118.21,116.69,118.21,,
G1B,OXÍMETRO DE PULSO G1B - GMI,,1180.00,1195.34,1180.00,1195.34,,
IRT101,TERMOMETRO DIGITAL INFRAVERMELHO,,45.45,49.88,45.45,49.88,,
GB-04005,DISTRIBUIDOR TORNEIRA 03 VIAS LUER LOCK,,3.45,3.63,3.71,3.91,,
GB-04006,DISTRIBUIDOR TORNEIRA ALTO FLUXO,,5.31,5.58,5.71,6.00,,
GB-04008,DISTRIBUIDOR TORNEIRA ALTO FLUXO VALVULADA,,17.87,18.79,19.21,20.21,,
GB-08120V,EXTENSOR 08FR X 120CM - C/TORNEIRA VALVULADA,,23.88,25.13,25.68,27.02,,
GB-12020B,EXTENSOR 12FR X 020CM - C/ TORNEIRA BI-VALVULADA,,25.68,27.02,25.68,27.02,,
GB-12060B,EXTENSOR 12FR X 060CM - C/ TORNEIRA VALVULADA,,23.88,25.13,25.68,27.02,,
GB-12060T,EXTENSOR 12FR X 060CM - C/TORNEIRA,,10.62,11.17,11.41,12.01,,
GB-12120B,EXTENSOR 12FR X 120CM - C/ TORNEIRA BI-VALVULADA,,23.88,25.13,25.68,27.02,,
GB-12120T,EXTENSOR 12FR X 120CM - C/TORNEIRA,,10.62,11.17,11.41,12.01,,
GB-08120,EXTENSOR 08FR X 120CM,,9.29,9.77,9.99,10.51,,
GB-04138,EXTENSOR 08FR X 120CM - C/3 TORNEIRAS VALVULADAS E SUPORTE,,64.21,67.54,64.21,67.54,,
GB-04158,EXTENSOR 08FR X 120CM - C/5 TORNEIRAS VALVULADAS E SUPORTE,,81.83,86.08,87.99,92.56,,
GB-04028,EXTENSOR 12FR X 020CM - C/2 TORNEIRAS VALVULADAS,,39.95,42.03,39.95,42.03,,
GB-04038,EXTENSOR 12FR X 020CM - C/3 TORNEIRAS VALVULADAS,,54.69,57.54,54.69,57.54,,
CV-50610,EXTENSOR VALVULADO 06 FR X 1 VIA,,13.71,14.42,14.74,15.51,,
CV-50620,EXTENSOR VALVULADO 06 FR X 2 VIAS,,16.59,17.45,17.84,18.76,,
CV-51220,EXTENSOR VALVULADO 12 FR X 2 VIAS,,16.59,17.45,17.84,18.77,,
2.2.31.00031,FONTE DE ALIMENTACAO ELETROCARDIOGRAFO ECG90A,,265.22,268.66,265.22,268.66,,
1.2.11.00041,MODULO DE IMPRESSORA ELETROCARDIOGRAFO ECG90A,,204.84,207.51,204.84,207.51,,
2.1.03.00429,PLACA INTERNA ELETROCARDIOGRAFO ECG90A,,940.16,952.38,940.16,952.38,,
IRJOY,ADAPTADOR INFRAVERMELHO USB IRDA 4 MBPS,,337.41,388.02,337.41,388.02,,
11141-000116,ADAPTADOR PARA CARREGADOR DE BATERIA LIFEPAK 12,,1469.42,1488.52,1469.42,1488.52,,
11103-000006,ADAPTADOR PARA ELETRODO PHILIPS,,653.60,662.10,653.60,662.10,,
11103-000005,ADAPTADOR PARA ELETRODO ZOLL,,653.60,662.10,653.60,662.10,,
21330-001176,BATERIA DE LI-ION 5.7 AH RECARREGÁVEL LIFEPAK 15,,2699.61,3003.32,2699.61,3003.32,,
11141-000112,BATERIA DE LI-ION INTERNA RECARREGAVEL LIFEPAK 20E,,3401.20,3732.82,3401.20,3732.82,,
11141-000100,BATERIA NAO RECARREGAVEL LIMNO2 LIFEPAK 1000,,5953.99,6534.50,5953.99,6534.50,,
11425-000001,BOLSA DE TRANSPORTE ACESSORIOS LIFEPAK 1000,,567.66,604.55,567.66,604.55,,
PHY08,BOLSA DE TRANSPORTE ACESSORIOS LIFEPAK 20,,95.51,101.72,95.51,101.72,,
11260-000032,BOLSA DE TRANSPORTE LIFEPAK 12,,2703.12,2878.82,2703.12,2878.82,,
11260-000018,BOLSA DE TRANSPORTE LIFEPAK 20,,1387.60,1477.80,1387.60,1477.80,,
11210-000001,BOLSA DE TRANSPORTE LIFEPAK 500,,1450.67,1544.97,1450.67,1544.97,,
21300-004576,BOLSA DE TRANSPORTE LIFEPAK CR PLUS,,648.75,690.92,648.75,690.92,,
11260-000014,BOLSA DE TRANSPORTE LIFEPAK CR PLUS TREINAMENTO,,342.40,364.65,342.40,364.65,,
21300-008049,BOTAO DE CHOQUE PARA PAS RIGIDAS LIFEPAK 20,,31.35,32.98,31.35,32.98,,
805400-00,CABO ECG 03 VIAS LIFEPAK 10 E LIFEPAK 9,,358.00,376.62,358.00,376.62,,
11111-000016,CABO ECG 03 VIAS LIFEPAK 1000,,1134.93,1193.95,1134.93,1193.95,,
11110-000029,CABO ECG 03 VIAS LIFEPAK 12 LIFEPAK 20 LIFEPAK 15,,793.48,834.74,793.48,834.74,,
11111-000020,CABO ECG 04 VIAS LIFEPAK 15 AHA,,2705.87,2846.57,2705.87,2846.57,,
11111-000019,CABO ECG 04 VIAS LIFEPAK 15 IEC,,1800.04,1893.64,1800.04,1893.64,,
11110-000103,CABO ECG 06 VIAS PRECORDIAIS LIFEPAK 12,,1108.35,1165.98,1108.35,1165.98,,
11110-000050,CABO SERIAL TRANSFERENCIA DE DADOS LIFEPAK 500,,487.00,512.33,487.00,512.33,,
11113-000004,CABO TERAPIA QUIK COMBO LIFEPAK 15,,4537.28,4773.21,4537.28,4773.21,,
11110-000040,CABO TERAPIA QUIK COMBO LIFEPAKS 12 E 20,,2776.14,2920.50,2776.14,2920.50,,
11403-000001,CARREGADOR DE BATERIA CHARGE PAK COM 02 ELETRODOS ADULTO QUIK PAK,,3607.80,3788.19,3607.80,3788.19,,
11101-000004,ELETRODO ADULTO LIFEPAK 500 TREINAMENTO KIT,,719.06,756.45,719.06,756.45,,
11250-000015,ELETRODO ADULTO LIFEPAK CR PLUS TREINAMENTO,,293.88,309.16,293.88,309.16,,
11250-000012,ELETRODO ADULTO LIFEPAK CR PLUS TREINAMENTO KIT,,892.06,938.45,892.06,938.45,,
11996-000091,ELETRODO ADULTO QUIK COMBO,,527.31,554.73,585.90,616.37,,
11996-000017,ELETRODO ADULTO QUIK COMBO REDI PAK,,557.55,586.54,619.50,651.71,,
11101-000016,ELETRODO INFANTIL PEDIATRICO COM REDUTOR DE ENERGIA PARA DEA,,2478.96,2607.87,2478.96,2607.87,,
11996-000093,ELETRODO PEDIATRICO QUIK COMBO RTS,,590.00,620.68,590.00,620.68,,
11576-000071,FONTE DE ALIMENTAÇÃO PARA LUCAS 3,,4167.24,4375.60,4167.24,4375.60,,
40402-000041,IMPRESSORA TERMICA DE 50 MM PARA LIFEPAK 20,,4387.29,4615.43,4387.29,4615.43,,
11260-000023,MALETA DE TRANSPORTE LIFEPAK 1000,,2739.16,2917.21,2739.16,2917.21,,
11130-000013,PAS RIGIDAS DESFIBRILACAO EXTERNA ADULTO LIFEPAK 9,,1500.00,1578.00,1500.00,1578.00,,
21330-001007,PORTA MODO DEA PARA LIFEPAK 20,,444.44,467.55,493.82,519.50,,
11576-000046,VENTOSAS DESCARTAVEIS PARA LUCAS 3,,119.75,121.31,119.75,121.31,,
Y000P10,BOLSA PRESSORICA 1000 ML,,178.47,180.79,223.09,225.99,,
Y000P30,BOLSA PRESSORICA 3000 ML,,187.78,190.22,234.73,237.78,,
Y000P05,BOLSA PRESSORICA 500 ML,,116.11,117.62,145.14,147.02,,
Y000R10,BOLSA PRESSORICA COM MANOMETRO REUTILIZAVEL 1000 ML,,225.16,228.08,281.45,285.10,,
Y000R05,BOLSA PRESSORICA COM MANOMETRO REUTILIZAVEL 500 ML,,191.18,193.66,238.97,242.08,,
X0016B,CABO DE PI COMPATIVEL GABMED PARA MINDRAY 12 PINOS,,253.00,256.29,253.00,256.29,,
X0015B,CABO DE PI COMPATIVEL GABMED PARA SPACELABS/MINDRAY/ DIXTAL/INSTRA/OMNI,,253.00,256.29,253.00,256.29,,
TP-HD00920-03,CABO DE PI GABMED PARA ARROW / KONTRON,,825.92,825.92,825.92,825.92,,
TP-HD00920-09,CABO DE PI GABMED PARA DATASCOPE,,701.16,701.16,701.16,701.16,,
TP-HD00920-11,CABO DE PI GABMED PARA DIXTAL/MINDRAY/DRAGER/PROLIFE/INSTRA,,653.89,653.89,653.89,653.89,,
TP-HD00920-14,CABO DE PI GABMED PARA GE MARQUETE,,685.40,685.40,685.40,685.40,,
TP-HD00920-34,CABO DE PI GABMED PARA NIHON COMEN,,921.74,921.74,921.74,921.74,,
TP-HD00920-15,CABO DE PI GABMED PARA NIHON KOHDEN REDONDO,,751.68,751.68,751.68,751.68,,
TP-HD00920-19,CABO DE PI GABMED PARA PHILIPS/HP/MINDRAY,,685.40,685.40,685.40,685.40,,
TP-HD00920-20,CABO DE PI GABMED PARA SIEMENS/DRAGER,,638.13,638.13,638.13,638.13,,
TP-HD00920-24,CABO DE PI GABMED PARA TEB/POLIGRAFO,,705.28,705.28,705.28,705.28,,
HD-003520,KIT PARA ANGIOGRAFIA MANIFOLD ON COM TRANSDUTOR HD-03520,,192.63,202.65,207.13,217.90,,
TP-00922,PLATE PARA TRANSDUTOR GABMED,,21.29,21.29,21.29,21.29,,
TP-00910,SUPORTE PARA TRANSDUTOR DE PRESSAO GABMED,,166.45,166.45,166.45,166.45,,
TP-00971,TRANSDUTOR DE PRESSAO INVASIVA C/TORNEIRA VALVULADA GABMED TP-00971,,132.70,132.70,132.70,132.70,,
HD-00970,TRANSDUTOR DE PRESSAO INVASIVA GABMED HD00970,,99.23,104.39,106.70,112.25,,
Y000S1,"BRAÇADEIRA / MANGUITO ADULTO PEQUENO REUTILIZAVEL 01 TUBO SOFT CONFORT (20,5-28 CM)",,40.55,41.08,50.69,51.35,,
OEM-Y1976L,BRAÇADEIRA / MANGUITO ADULTO PEQUENO REUTILIZAVEL 02 TUBOS SOFT CONFORT (20.5-28 CM),,35.77,36.23,35.77,36.23,,
OEM-Y1976B,BRAÇADEIRA / MANGUITO ADULTO REUTILIZAVEL 01 TUBO SOFT CONFORT (27-35 CM),,49.67,50.31,55.18,55.90,,
OEM-Y1976H,BRAÇADEIRA / MANGUITO ADULTO REUTILIZAVEL 02 TUBOS SOFT CONFORT (27-35 CM),,52.91,53.60,58.79,59.55,,
OEM-Y1976F,BRAÇADEIRA / MANGUITO INFANTIL REUTILIZAVEL 01 TUBO SOFT CONFORT (10-15 CM),,31.31,31.72,34.79,35.24,,
OEM-Y1976N,BRAÇADEIRA / MANGUITO INFANTIL REUTILIZAVEL 02 TUBOS SOFT CONFORT (10-15 CM),,35.07,35.52,35.07,35.52,,
OEM-Y1977A,BRAÇADEIRA / MANGUITO NEONATAL 1 01 TUBO (3-6 CM),,20.78,21.05,25.97,26.31,,
OEM-Y3810A,BRAÇADEIRA / MANGUITO NEONATAL 1 01 TUBO (3-6 CM) HYLINK,,13.79,13.97,13.79,13.97,,
OEM-Y1978A,BRAÇADEIRA / MANGUITO NEONATAL 1 02 TUBOS (3-6 CM),,20.83,21.10,26.03,26.37,,
OEM-Y1977B,BRAÇADEIRA / MANGUITO NEONATAL 2 01 TUBO (4-8 CM),,17.95,18.19,22.44,22.73,,
OEM-Y3810B,BRAÇADEIRA / MANGUITO NEONATAL 2 01 TUBO (4-8 CM) HYLINK,,13.79,13.97,13.79,13.97,,
OEM-Y1978B,BRAÇADEIRA / MANGUITO NEONATAL 2 02 TUBOS (4-8 CM),,17.80,18.03,22.25,22.54,,
OEM-Y1977C,BRAÇADEIRA / MANGUITO NEONATAL 3 01 TUBO (6-11 CM),,17.95,18.19,22.44,22.73,,
OEM-Y3810C,BRAÇADEIRA / MANGUITO NEONATAL 3 01 TUBO (7-11 CM) HYLINK,,13.79,13.97,13.79,13.97,,
OEM-Y1978C,BRAÇADEIRA / MANGUITO NEONATAL 3 02 TUBOS (6-11 CM),,20.54,20.81,25.68,26.01,,
OEM-Y1977D,BRAÇADEIRA / MANGUITO NEONATAL 4 01 TUBO (7-14 CM),,0.00,0.00,0.00,0.00,,
OEM-Y3810D,BRAÇADEIRA / MANGUITO NEONATAL 4 01 TUBO (7-14 CM) HYLINK,,13.79,13.97,13.79,13.97,,
OEM-Y1978D,BRAÇADEIRA / MANGUITO NEONATAL 4 02 TUBOS (7-14 CM),,22.32,22.61,27.90,28.26,,
OEM-Y1977E,BRAÇADEIRA / MANGUITO NEONATAL 5 01 TUBO (8-15 CM),,20.81,21.08,26.01,26.35,,
OEM-Y3810E,BRAÇADEIRA / MANGUITO NEONATAL 5 01 TUBO (8-15 CM) HYLINK,,13.79,13.97,13.79,13.97,,
OEM-Y1978E,BRAÇADEIRA / MANGUITO NEONATAL 5 02 TUBOS (8-15 CM),,22.29,22.58,27.86,28.22,,
OEM-Y1951A,BRAÇADEIRA / MANGUITO NEONATAL REUTILIZAVEL 01 TUBO SOFT CONFORT (7-11 CM),,29.48,29.87,36.85,37.33,,
OEM-Y1951B,BRAÇADEIRA / MANGUITO NEONATAL REUTILIZAVEL 02 TUBOS SOFT CONFORT (7-11 CM),,30.31,30.71,37.89,38.39,,
OEM-Y1976A,BRAÇADEIRA / MANGUITO OBESO I REUTILIZAVEL 01 TUBO SOFT CONFORT (34-43 CM),,0.00,0.00,0.00,0.00,,
Y000DT1/OEM-Y1963A,BRAÇADEIRA / MANGUITO OBESO II DESCARTAVEL 01 TUBO,,29.24,29.62,36.55,37.02,,
OEM-Y1976C,BRAÇADEIRA / MANGUITO OBESO II REUTILIZAVEL 01 TUBO SOFT CONFORT (42-54 CM),,110.48,111.92,122.76,124.36,,
OEM-Y1976J,BRAÇADEIRA / MANGUITO OBESO II REUTILIZAVEL 02 TUBOS SOFT CONFORT (42-54 CM),,74.92,75.90,93.65,94.87,,
PNI11,BRAÇADEIRA / MANGUITO OBESO II REUTILIZAVEL SOFT CONFORT (42-54 CM) SEM BEXIGA,,26.48,26.82,26.48,26.82,,
OEM-Y1976E,BRAÇADEIRA / MANGUITO PEDIATRICO REUTILIZAVEL 01 TUBO SOFT CONFORT (14-21 CM),,49.91,50.56,62.39,63.20,,
OEM-Y1976M,BRAÇADEIRA / MANGUITO PEDIATRICO REUTILIZAVEL 02 TUBOS SOFT CONFORT (14-21 CM),,57.53,58.28,63.92,64.75,,
PNI06,BRAÇADEIRA ADULTO REUTILIZAVEL SOFT CONFORT SEM BEXIGA,,12.62,12.78,12.62,12.78,,
SL0008B,"MANGUEIRA EXTENSORA PNI DUPLA 2,5 M",,54.32,55.02,67.90,68.78,,
YA14A06-10,MANGUEIRA EXTENSORA PNI 01 TUBO COMPATÍVEL 5P,,119.35,120.90,149.19,151.13,,
YA06A06-10,MANGUEIRA EXTENSORA PNI 01 TUBO COMPATÍVEL MINDRAY,,0.00,0.00,0.00,0.00,,
YA80A06-10,MANGUEIRA EXTENSORA PNI 01 TUBO COMPATÍVEL PHILIPS,,107.59,108.98,119.54,121.09,,
YA25A06-10,MANGUEIRA EXTENSORA PNI 01 TUBO COMPATÍVEL PHILIPS MINDRAY PROLIFE,,148.22,150.14,164.69,166.83,,
YA29A06-08,MANGUEIRA EXTENSORA PNI 01 TUBO COMPATÍVEL SIEMENS DRAGER,,189.91,192.38,211.01,213.76,,
11996-000033,MANGUEIRA EXTENSORA PNI 01 TUBO LIFEPAK 12,,629.33,662.06,786.67,827.58,,
YA03A106-10,MANGUEIRA EXTENSORA PNI 01 TUBO NEONATAL COMPATÍVEL MINDRAY,,154.45,156.46,154.45,156.46,,
YA23A12-12,MANGUEIRA EXTENSORA PNI 02 TUBOS ADT / PDT COMPATÍVEL GE - A23/A12,,128.89,130.56,128.89,130.56,,
YA24A109-12,MANGUEIRA EXTENSORA PNI 02 TUBOS ADT / PDT COMPATÍVEL GE - A24/A109,,125.79,127.43,125.79,127.43,,
YA40A12-12,MANGUEIRA EXTENSORA PNI 02 TUBOS ADT / PDT COMPATÍVEL GE - A40/A12,,154.06,156.06,154.06,156.06,,
YA22A12-12,MANGUEIRA EXTENSORA PNI 02 TUBOS ADT / PDT COMPATÍVEL GE DATEX,,122.54,124.13,122.54,124.13,,
YA28A11-08,MANGUEIRA EXTENSORA PNI 02 TUBOS ADT / PDT COMPATÍVEL NIHON KOHDEN,,228.75,231.73,228.75,231.73,,
YA54A11-10,MANGUEIRA EXTENSORA PNI 02 TUBOS ADT / PDT COMPATÍVEL NIHON KOHDEN,,143.53,145.39,143.53,145.39,,
YA23A16-08,MANGUEIRA EXTENSORA PNI 02 TUBOS NEONATAL COMPATÍVEL GE,,203.41,206.05,226.01,228.95,,
YA22A16-08,MANGUEIRA EXTENSORA PNI 02 TUBOS NEONATAL COMPATÍVEL GE DIXTAL,,132.82,134.55,132.82,134.55,,
SL0008A,"MANGUEIRA EXTENSORA PNI SIMPLES 2,5 M",,48.99,49.63,61.24,62.04,,
11171-000016,CABO EXTENSOR DE OXIMETRIA MASIMO LNC LNCS-10,,1264.52,1330.28,1264.52,1330.28,,
3201655-018,CABO EXTENSOR DE OXIMETRIA MASIMO LNCS LNC-4,,1037.82,1091.78,1037.82,1091.78,,
1005,CABO EXTENSOR DE OXIMETRIA MASIMO PC SERIES,,620.42,628.49,620.42,628.49,,
11171-000037,CABO EXTENSOR DE OXIMETRIA MASIMO RAINBOW RC-4,,1341.94,1411.72,1341.94,1411.72,,
S0111BC-L,CABO EXTENSOR OXIMETRIA COMPATIVEL BCI REDEL,,74.82,75.80,74.82,75.80,,
S0568OX-L,CABO EXTENSOR OXIMETRIA COMPATIVEL COMEN OXIMAX,,133.49,135.22,133.49,135.22,,
SPO204,CABO EXTENSOR OXIMETRIA COMPATIVEL DIXTAL 6 PINOS,,92.22,93.42,92.22,93.42,,
S0072OX-L,CABO EXTENSOR OXIMETRIA COMPATIVEL DRAGER OXIMAX,,90.13,91.30,90.13,91.30,,
S0072BC-L,CABO EXTENSOR OXIMETRIA COMPATIVEL DRAGER OXISMART,,84.36,85.45,84.36,85.45,,
S0025MA-L,CABO EXTENSOR OXIMETRIA COMPATIVEL GE MASIMO LNOP,,199.96,202.56,222.18,225.07,,
S0025CO-L,CABO EXTENSOR OXIMETRIA COMPATIVEL GE OXISMART,,142.51,144.36,142.51,144.36,,
S0125CO-L,CABO EXTENSOR OXIMETRIA COMPATIVEL MINDRAY BENEVIEW IMEC IPM BENEHEART,,177.76,180.07,222.20,225.09,,
S0126OX-L,CABO EXTENSOR OXIMETRIA COMPATIVEL MINDRAY IMEC 10 T5 T8,,0.00,0.00,0.00,0.00,,
S0013CO-L,CABO EXTENSOR OXIMETRIA COMPATIVEL MINDRAY MASIMO,,105.56,106.93,105.56,106.93,,
S0040NE-L,CABO EXTENSOR OXIMETRIA COMPATIVEL MINDRAY MEC1000 / PM9000,,70.10,71.01,70.10,71.01,,
S0001NE-L,CABO EXTENSOR OXIMETRIA COMPATIVEL NELLCOR MC10,,106.89,108.28,106.89,108.28,,
S0117OX-L,CABO EXTENSOR OXIMETRIA COMPATIVEL NELLCOR OXITECH,,143.51,145.37,179.38,181.72,,
S0122OX-L,CABO EXTENSOR OXIMETRIA COMPATIVEL NELLCOR OXITECH GE,,219.25,222.10,219.25,222.10,,
SPO205,CINTA DE SILICONE PARA FIXACAO SENSOR OXIMETRIA Y,,54.42,55.13,68.02,68.91,,
S0020J-S,SENSOR OXIM DESCART ADT COMPATIVEL MASIMO LNOP ADT,,18.10,18.33,18.10,18.33,,
S0026J-LP,SENSOR OXIM DESCART ADT COMPATIVEL NELLCOR OXITECH MAX A,,31.67,32.08,31.67,32.08,,
13122,SENSOR OXIM DESCART ADT MASIMO LNCS ADTX,,87.31,91.85,87.31,91.85,,
11171-000039,SENSOR OXIM DESCART ADT MASIMO M LNCS ADTX,,90.54,95.25,90.54,95.25,,
S0442M-LP,SENSOR OXIM DESCART ADT NEO COMPATIVEL MASIMO LNCS,,84.67,85.77,94.08,95.30,,
13382,SENSOR OXIM DESCART NEONATAL MASIMO LNOP NEO L,,73.89,77.73,73.89,77.73,,
S0026M-LP,SENSOR OXIM DESCART NEONATAL/ADT COMPATIVEL NELLCOR OXITECH MAX N,,49.26,49.90,61.57,62.37,,
LNOP-PDT/S0020K-S,SENSOR OXIM DESCART PDT COMPATIVEL MASIMO LNOP PDT,,82.49,83.57,82.49,83.57,,
13123,SENSOR OXIM DESCART PDT MASIMO LNCS PDTX,,99.16,104.32,99.16,104.32,,
S0076B-S,SENSOR OXIM REUTIL ADT CLIP COMPATIVEL BCI DB9 CABO CURTO,,180.37,182.71,225.46,228.39,,
S0076B-L,SENSOR OXIM REUTIL ADT CLIP COMPATIVEL BCI DB9 CABO LONGO,,207.51,210.21,259.39,262.76,,
S0111B-L,SENSOR OXIM REUTIL ADT CLIP COMPATIVEL BCI REDEL,,109.71,111.14,109.71,111.14,,
932175154,SENSOR OXIM REUTIL ADT CLIP COMPATIVEL BIOLIGHT,,252.07,255.35,315.09,319.19,,
S0045B-L/S0165B-L,SENSOR OXIM REUTIL ADT CLIP COMPATIVEL BIOLIGHT 9 PINOS,,184.99,187.40,184.99,187.40,,
S0029B-L,SENSOR OXIM REUTIL ADT CLIP COMPATIVEL BIOLIGHT REDEL 5 PINOS,,182.33,184.70,182.33,184.70,,
S0121B-L,SENSOR OXIM REUTIL ADT CLIP COMPATIVEL BIONET,,215.02,217.82,215.02,217.82,,
S0084B-L,SENSOR OXIM REUTIL ADT CLIP COMPATIVEL BIONET REDEL,,171.54,173.77,171.54,173.77,,
S0012B-L/S0530B-L,SENSOR OXIM REUTIL ADT CLIP COMPATIVEL COMEN,,282.22,285.89,313.58,317.66,,
S0066B-L,SENSOR OXIM REUTIL ADT CLIP COMPATIVEL COMEN,,200.16,202.76,250.20,253.45,,
635175684,SENSOR OXIM REUTIL ADT CLIP COMPATIVEL COMEN 12 PINOS,,293.47,297.29,326.08,330.32,,
S0155B-L,SENSOR OXIM REUTIL ADT CLIP COMPATIVEL CONTEC DIGITAL 5 PINOS,,293.98,297.80,293.98,297.80,,
S0108B-S,SENSOR OXIM REUTIL ADT CLIP COMPATIVEL CREATIVE DB9 CABO CURTO,,356.78,361.42,356.78,361.42,,
S0044B-L,SENSOR OXIM REUTIL ADT CLIP COMPATIVEL CRITICARE DB9,,252.92,256.21,281.03,284.68,,
S0100B-L,SENSOR OXIM REUTIL ADT CLIP COMPATIVEL CRITICARE LEMO,,337.23,341.62,374.70,379.57,,
S0052B-L,SENSOR OXIM REUTIL ADT CLIP COMPATIVEL DATASCOPE,,231.07,234.07,231.07,234.07,,
S0036B-L,SENSOR OXIM REUTIL ADT CLIP COMPATIVEL DATEX,,137.98,139.77,137.98,139.77,,
S0446B-L,SENSOR OXIM REUTIL ADT CLIP COMPATIVEL DIXTAL 7 PINOS,,227.78,230.74,253.09,256.38,,
S0128B-L,SENSOR OXIM REUTIL ADT CLIP COMPATIVEL GE DATEX OHMEDA,,280.84,284.49,280.84,284.49,,
S0002B-L,SENSOR OXIM REUTIL ADT CLIP COMPATIVEL GE MARQUETTE NELLCOR,,194.20,196.72,242.75,245.91,,
S0025B-L,SENSOR OXIM REUTIL ADT CLIP COMPATIVEL GE MASIMO,,200.13,202.73,200.13,202.73,,
S0122B-L,SENSOR OXIM REUTIL ADT CLIP COMPATIVEL GE OXITECH,,205.93,208.60,205.93,208.60,,
603112054/S0122B-L,SENSOR OXIM REUTIL ADT CLIP COMPATIVEL GE OXITECH B650 DASH 2500,,237.51,240.60,237.51,240.60,,
S0108B-L,SENSOR OXIM REUTIL ADT CLIP COMPATIVEL GENERAL MEDITECH GMI,,284.89,288.60,284.89,288.60,,
S0442B-L,SENSOR OXIM REUTIL ADT CLIP COMPATIVEL MASIM LNCS 3M,,363.23,367.95,363.23,367.95,,
S0020B-L,SENSOR OXIM REUTIL ADT CLIP COMPATIVEL MASIM MINI D RIBBON,,184.69,187.09,184.69,187.09,,
S0153B-S,SENSOR OXIM REUTIL ADT CLIP COMPATIVEL MASIMO LNCS DB9,,103.23,104.58,103.23,104.58,,
S0040B-L,SENSOR OXIM REUTIL ADT CLIP COMPATIVEL MINDRAY REDEL 6 PINOS,,209.40,212.12,232.67,235.69,,
S0125B-L,SENSOR OXIM REUTIL ADT CLIP COMPATIVEL MINDRAY UMEC,,236.86,239.94,263.17,266.59,,
S0134B-L,SENSOR OXIM REUTIL ADT CLIP COMPATIVEL MINDRAY VS800 MASIMO,,266.23,269.69,266.23,269.69,,
S0010B-S,SENSOR OXIM REUTIL ADT CLIP COMPATIVEL NELLCOR DB9 CABO CURTO,,146.33,148.23,182.91,185.29,,
S0010B-L,SENSOR OXIM REUTIL ADT CLIP COMPATIVEL NELLCOR DB9 CABO LONGO,,154.10,156.11,154.10,156.11,,
S0001B-L,SENSOR OXIM REUTIL ADT CLIP COMPATIVEL NELLCOR MINI D RIBBON,,146.28,148.18,146.28,148.18,,
S0026B-S,SENSOR OXIM REUTIL ADT CLIP COMPATIVEL NELLCOR OXITECH DB9 CABO CURTO,,206.26,208.94,257.82,261.17,,
S0026B-L,SENSOR OXIM REUTIL ADT CLIP COMPATIVEL NELLCOR OXITECH DB9 CABO LONGO,,283.62,287.31,315.14,319.23,,
S0117B-L,SENSOR OXIM REUTIL ADT CLIP COMPATIVEL NELLCOR OXITECH M RIBBON,,260.32,263.71,260.32,263.71,,
S0069B-L,SENSOR OXIM REUTIL ADT CLIP COMPATIVEL NIHON KOHDEN (047/442),,184.73,187.14,184.73,187.14,,
S0005B-L,SENSOR OXIM REUTIL ADT CLIP COMPATIVEL NIHON KOHDEN (214/586),,263.75,267.18,329.68,333.97,,
S0014B-L,SENSOR OXIM REUTIL ADT CLIP COMPATIVEL OHMEDA,,236.96,240.04,296.20,300.06,,
S0079B-L,SENSOR OXIM REUTIL ADT CLIP COMPATIVEL PALCO,,160.33,162.42,160.33,162.42,,
S0003B-L,SENSOR OXIM REUTIL ADT CLIP COMPATIVEL PHILIPS 12 PINOS,,168.19,170.38,210.24,212.97,,
S0015B-L,SENSOR OXIM REUTIL ADT CLIP COMPATIVEL PHILIPS 8 PINOS,,213.28,216.05,236.97,240.05,,
S0078B-L,SENSOR OXIM REUTIL ADT CLIP COMPATIVEL SIEMENS,,263.70,267.13,263.70,267.13,,
S0072B-L,SENSOR OXIM REUTIL ADT CLIP COMPATIVEL SIEMENS DRAGER,,294.95,298.78,294.95,298.78,,
1560,SENSOR OXIM REUTIL ADT CLIP MASIMO LNOP DC 195,,544.23,551.30,544.23,551.30,,
OMEB0038,SENSOR OXIM REUTIL ADT CLIP TECNOLOGIA 5P OMNIMED,,220.41,223.28,244.90,248.09,,
OEM-S1530C,SENSOR OXIM REUTIL ADT CLIP TECNOLOGIA 6P,,205.39,208.06,205.39,208.06,,
SPO212,SENSOR OXIM REUTIL ADT CLIP TECNOLOGIA DIGITAL 07 PINOS OMNIMED,,181.23,183.58,181.23,183.58,,
11171-000017,SENSOR OXIM REUTIL ADT MASIMO LNCS DCI,,1589.87,1672.54,1589.87,1672.54,,
S0076D-L,SENSOR OXIM REUTIL ADT SOFT COMPATIVEL BCI DB9 CABO LONGO,,191.38,193.87,239.22,242.33,,
S0111D-L,SENSOR OXIM REUTIL ADT SOFT COMPATIVEL BCI REDEL,,117.02,118.54,117.02,118.54,,
S0029D-L,SENSOR OXIM REUTIL ADT SOFT COMPATIVEL BIOLIGHT - REDEL 5 PINOS,,134.91,136.67,134.91,136.67,,
S0155D-L,SENSOR OXIM REUTIL ADT SOFT COMPATIVEL CONTEC DIGITAL 5 PINOS,,156.04,158.07,156.04,158.07,,
S0100D-L,SENSOR OXIM REUTIL ADT SOFT COMPATIVEL CRITICARE LEMO,,240.50,243.63,240.50,243.63,,
S0036D-L,SENSOR OXIM REUTIL ADT SOFT COMPATIVEL DATEX,,117.02,118.54,117.02,118.54,,
S0062D-L,SENSOR OXIM REUTIL ADT SOFT COMPATIVEL DIXTAL 6 PINOS,,99.27,100.56,99.27,100.56,,
S0062D-L,/ S0446D-L SENSOR OXIM REUTIL ADT SOFT COMPATIVEL DIXTAL 7 PINOS,,228.43,231.40,228.43,231.40,,
S0128D-L,SENSOR OXIM REUTIL ADT SOFT COMPATIVEL GE DATEX OHMEDA,,201.13,203.75,201.13,203.75,,
S0002D-L,SENSOR OXIM REUTIL ADT SOFT COMPATIVEL GE MARQUETTE NELLCOR,,140.37,142.19,140.37,142.19,,
S0122D-L,SENSOR OXIM REUTIL ADT SOFT COMPATIVEL GE MEDICAL OXITECH,,285.29,289.00,285.29,289.00,,
S0205D-L/,S0122D-L SENSOR OXIM REUTIL ADT SOFT COMPATIVEL GE OXITECH B650 DASH 2500,,246.70,249.91,246.70,249.91,,
S0108D-L,SENSOR OXIM REUTIL ADT SOFT COMPATIVEL GENERAL MEDITECH GMI,,156.04,158.07,156.04,158.07,,
S0442D-L,SENSOR OXIM REUTIL ADT SOFT COMPATIVEL MASIM LNCS 3M,,425.16,430.69,425.16,430.69,,
S0020D-L,SENSOR OXIM REUTIL ADT SOFT COMPATIVEL MASIM MINI D RIBBON,,200.08,202.68,200.08,202.68,,
S0040D-L,SENSOR OXIM REUTIL ADT SOFT COMPATIVEL MINDRAY REDEL 6 PINOS,,230.81,233.81,230.81,233.81,,
S0125D-L,SENSOR OXIM REUTIL ADT SOFT COMPATIVEL MINDRAY UMEC,,183.60,185.99,183.60,185.99,,
S0010D-L,SENSOR OXIM REUTIL ADT SOFT COMPATIVEL NELLCOR DB9 CABO LONGO,,247.38,250.60,274.87,278.44,,
S0001D-L,SENSOR OXIM REUTIL ADT SOFT COMPATIVEL NELLCOR MINI D RIBBON,,164.56,166.70,164.56,166.70,,
S0026D-L,SENSOR OXIM REUTIL ADT SOFT COMPATIVEL NELLCOR OXITECH DB9 CABO LONGO,,224.26,227.17,280.32,283.96,,
S0117D-L,SENSOR OXIM REUTIL ADT SOFT COMPATIVEL NELLCOR OXITECH M RIBBON,,266.16,269.62,266.16,269.62,,
S0014D-L,SENSOR OXIM REUTIL ADT SOFT COMPATIVEL OHMEDA,,171.02,173.25,171.02,173.25,,
S0079D-L,SENSOR OXIM REUTIL ADT SOFT COMPATIVEL PALCO,,171.02,173.25,171.02,173.25,,
S0003D-L,SENSOR OXIM REUTIL ADT SOFT COMPATIVEL PHILIPS 12 PINOS,,117.02,118.54,117.02,118.54,,
S0015D-L,SENSOR OXIM REUTIL ADT SOFT COMPATIVEL PHILIPS 8 PINOS,,250.23,253.49,278.04,281.65,,
S0072D-L,SENSOR OXIM REUTIL ADT SOFT COMPATIVEL SIEMENS DRAGER,,205.85,208.52,205.85,208.52,,
OEM-S1530B,SENSOR OXIM REUTIL ADT SOFT TECNOLOGIA 6P,,215.93,218.74,215.93,218.74,,
SPO213,SENSOR OXIM REUTIL ADT SOFT TECNOLOGIA DIGITAL 07 PINOS OMNIMED,,235.11,238.16,261.23,264.63,,
S0052H-L,SENSOR OXIM REUTIL CLIP DE ORELHA COMPATIVEL DATASCOPE,,236.60,239.68,236.60,239.68,,
S0117G-L,SENSOR OXIM REUTIL CLIP DE ORELHA COMPATIVEL NELLCOR OXITECH M RIBBON,,300.66,304.57,300.66,304.57,,
S0111C-L,SENSOR OXIM REUTIL PDT CLIP COMPATIVEL BCI REDEL,,238.42,241.52,238.42,241.52,,
S0062C-L,SENSOR OXIM REUTIL PDT CLIP COMPATIVEL DIXTAL 6 PINOS,,175.34,177.62,194.83,197.36,,
S0062C-L,/ S0446C-L SENSOR OXIM REUTIL PDT CLIP COMPATIVEL DIXTAL 7 PINOS,,227.32,230.27,227.32,230.27,,
S0020C-L,SENSOR OXIM REUTIL PDT CLIP COMPATIVEL MASIM MINI D RIBBON,,310.67,314.71,310.67,314.71,,
S0125C-L,SENSOR OXIM REUTIL PDT CLIP COMPATIVEL MINDRAY UMEC,,296.89,300.75,296.89,300.75,,
S0010C-L,SENSOR OXIM REUTIL PDT CLIP COMPATIVEL NELLCOR DB9 CABO LONGO,,303.08,307.02,303.08,307.02,,
S0001C-L,SENSOR OXIM REUTIL PDT CLIP COMPATIVEL NELLCOR MINI D RIBBON,,237.72,240.81,237.72,240.81,,
S0117C-L,SENSOR OXIM REUTIL PDT CLIP COMPATIVEL NELLCOR OXITECH M RIBBON,,224.82,227.74,224.82,227.74,,
S0079C-L,SENSOR OXIM REUTIL PDT CLIP COMPATIVEL PALCO,,177.37,179.68,177.37,179.68,,
S0003C-L,SENSOR OXIM REUTIL PDT CLIP COMPATIVEL PHILIPS 12 PINOS,,149.88,151.83,149.88,151.83,,
OMEC0068,SENSOR OXIM REUTIL PDT CLIP TECNOLOGIA 6P,,142.37,144.22,142.37,144.22,,
SPO216,SENSOR OXIM REUTIL PDT CLIP TECNOLOGIA DIGITAL 07 PINOS OMNIMED,,144.00,145.87,144.00,145.87,,
11171-000018,SENSOR OXIM REUTIL PDT MASIMO LNCS DCI-P,,1516.42,1595.28,1516.42,1595.28,,
1276,SENSOR OXIM REUTIL PDT MASIMO LNOP DCIP,,1440.00,1458.72,1440.00,1458.72,,
S0111E-L,SENSOR OXIM REUTIL PDT SOFT COMPATIVEL BCI REDEL,,157.72,159.77,157.72,159.77,,
S0062E-L,SENSOR OXIM REUTIL PDT SOFT COMPATIVEL DIXTAL 6 PINOS,,157.72,159.77,157.72,159.77,,
S0020E-L,SENSOR OXIM REUTIL PDT SOFT COMPATIVEL MASIM MINI D RIBBON,,249.80,253.05,249.80,253.05,,
S0026E-S,SENSOR OXIM REUTIL PDT SOFT COMPATIVEL NELLCOR OXITECH DB9 CABO CURTO,,255.46,258.79,255.46,258.79,,
S0117E-L,SENSOR OXIM REUTIL PDT SOFT COMPATIVEL NELLCOR OXITECH M RIBBON,,296.04,299.89,296.04,299.89,,
S0014E-L,SENSOR OXIM REUTIL PDT SOFT COMPATIVEL OHMEDA,,159.87,161.95,159.87,161.95,,
S0079P-L,SENSOR OXIM REUTIL PDT SOFT COMPATIVEL PALCO,,242.47,245.63,242.47,245.63,,
S0003E-L,SENSOR OXIM REUTIL PDT SOFT COMPATIVEL PHILIPS 12 PINOS,,242.47,245.63,242.47,245.63,,
A-212,SENSOR OXIM REUTIL PDT SOFT TECNOL 6P,,215.93,218.74,215.93,218.74,,
S0076I-S,SENSOR OXIM REUTIL TIPO Y COMPATIVEL BCI DB9 CABO CURTO,,263.10,266.52,292.34,296.14,,
S0076F-L,SENSOR OXIM REUTIL TIPO Y COMPATIVEL BCI DB9 CABO LONGO,,159.87,161.95,159.87,161.95,,
S0076I-L,SENSOR OXIM REUTIL TIPO Y COMPATIVEL BCI DB9 CABO LONGO,,163.48,165.60,163.48,165.60,,
S0111F-L,SENSOR OXIM REUTIL TIPO Y COMPATIVEL BCI REDEL,,157.72,159.77,157.72,159.77,,
S0515I-L,SENSOR OXIM REUTIL TIPO Y COMPATIVEL BIOLIGHT,,271.91,275.45,339.89,344.31,,
S0029F-L,SENSOR OXIM REUTIL TIPO Y COMPATIVEL BIOLIGHT - REDEL 5 PINOS,,191.27,193.76,191.27,193.76,,
S0045I-L/S0165I-L,SENSOR OXIM REUTIL TIPO Y COMPATIVEL BIOLIGHT 9 PINOS,,338.18,342.57,375.75,380.64,,
S0084I-L,SENSOR OXIM REUTIL TIPO Y COMPATIVEL BIONET REDEL,,203.86,206.51,226.51,229.46,,
S0007I-L,SENSOR OXIM REUTIL TIPO Y COMPATIVEL CHOICE,,317.07,321.19,317.07,321.19,,
S0012F-L/S0530F-L,SENSOR OXIM REUTIL TIPO Y COMPATIVEL COMEN,,182.97,185.35,182.97,185.35,,
S0066I-L,SENSOR OXIM REUTIL TIPO Y COMPATIVEL COMEN,,139.28,141.09,139.28,141.09,,
631195684,SENSOR OXIM REUTIL TIPO Y COMPATIVEL COMEN 12 PINOS,,264.37,267.81,330.46,334.76,,
S0155I-L,SENSOR OXIM REUTIL TIPO Y COMPATIVEL CONTEC DIGITAL 5 PINOS,,221.23,224.11,221.23,224.11,,
S0108F-S,SENSOR OXIM REUTIL TIPO Y COMPATIVEL CREATIVE DB9 CABO CURTO,,500.62,507.13,556.24,563.47,,
S0044F-L,SENSOR OXIM REUTIL TIPO Y COMPATIVEL CRITICARE DB9,,159.87,161.95,159.87,161.95,,
S0100F-L,SENSOR OXIM REUTIL TIPO Y COMPATIVEL CRITICARE LEMO,,340.98,345.41,340.98,345.41,,
S0036F-L,SENSOR OXIM REUTIL TIPO Y COMPATIVEL DATEX,,134.14,135.88,134.14,135.88,,
S0446I-L,SENSOR OXIM REUTIL TIPO Y COMPATIVEL DIXTAL 7 PINOS,,227.06,230.02,252.29,255.57,,
S0128I-L,SENSOR OXIM REUTIL TIPO Y COMPATIVEL GE DATEX OHMEDA,,268.19,271.67,268.19,271.67,,
S0002I-L,SENSOR OXIM REUTIL TIPO Y COMPATIVEL GE MARQUETTE NELLCOR,,230.20,233.20,287.75,291.50,,
S0122I-L,SENSOR OXIM REUTIL TIPO Y COMPATIVEL GE OXITECH,,188.02,190.46,188.02,190.46,,
S0108I-L,SENSOR OXIM REUTIL TIPO Y COMPATIVEL GENERAL MEDITECH GMI,,292.51,296.31,292.51,296.31,,
S0020I-L/S0442I-L,SENSOR OXIM REUTIL TIPO Y COMPATIVEL MASIM LNCS 3M,,228.72,231.69,228.72,231.69,,
S0020F-L,SENSOR OXIM REUTIL TIPO Y COMPATIVEL MASIM MINI D RIBBON,,249.80,253.05,249.80,253.05,,
S0153I-S,SENSOR OXIM REUTIL TIPO Y COMPATIVEL MASIMO LNCS DB9,,186.14,188.56,206.82,209.51,,
S0040I-L,SENSOR OXIM REUTIL TIPO Y COMPATIVEL MINDRAY REDEL 6 PINOS,,212.99,215.75,236.65,239.73,,
S0125I-L,SENSOR OXIM REUTIL TIPO Y COMPATIVEL MINDRAY UMEC,,239.00,242.10,298.75,302.63,,
S0134I-L,SENSOR OXIM REUTIL TIPO Y COMPATIVEL MINDRAY VS800 MASIMO,,207.23,209.92,207.23,209.92,,
S0010I-S,SENSOR OXIM REUTIL TIPO Y COMPATIVEL NELLCOR DB9 CABO CURTO,,244.02,247.19,271.13,274.65,,
S0010I-L,SENSOR OXIM REUTIL TIPO Y COMPATIVEL NELLCOR DB9 CABO LONGO,,201.91,204.54,224.35,227.26,,
S0001E-L,SENSOR OXIM REUTIL TIPO Y COMPATIVEL NELLCOR MINI D RIBBON,,153.83,155.83,153.83,155.83,,
S0026I-S,SENSOR OXIM REUTIL TIPO Y COMPATIVEL NELLCOR OXITECH DB9 CABO CURTO,,254.91,258.23,283.24,286.92,,
S0026I-L,SENSOR OXIM REUTIL TIPO Y COMPATIVEL NELLCOR OXITECH DB9 CABO LONGO,,264.45,267.89,293.84,297.65,,
S0117I-L,SENSOR OXIM REUTIL TIPO Y COMPATIVEL NELLCOR OXITECH M RIBBON,,231.05,234.05,256.72,260.06,,
S0005I-L,SENSOR OXIM REUTIL TIPO Y COMPATIVEL NIHON KOHDEN,,300.79,304.70,375.99,380.88,,
S0014F-L,SENSOR OXIM REUTIL TIPO Y COMPATÍVEL OHMEDA - S0014F-L,,244.13,247.30,271.25,274.78,,
S0014I-L,SENSOR OXIM REUTIL TIPO Y COMPATÍVEL OHMEDA - S0014I-L,,239.46,242.57,239.46,242.57,,
S0079F-L,SENSOR OXIM REUTIL TIPO Y COMPATIVEL PALCO,,177.37,179.68,177.37,179.68,,
S0003I-L,SENSOR OXIM REUTIL TIPO Y COMPATIVEL PHILIPS 12 PINOS,,184.60,187.00,205.11,207.78,,
S0015I-L,SENSOR OXIM REUTIL TIPO Y COMPATIVEL PHILIPS 8 PINOS,,243.47,246.63,243.47,246.63,,
S0072I-L,SENSOR OXIM REUTIL TIPO Y COMPATIVEL SIEMENS DRAGER,,209.75,212.48,233.06,236.09,,
1544,SENSOR OXIM REUTIL TIPO Y MASIMO LNOP YI,,1545.18,1565.26,1545.18,1565.26,,
OEM-S1530D,SENSOR OXIM REUTIL TIPO Y TECNOLOGIA 6P,,195.92,198.47,195.92,198.47,,
W0015A,CABO EXTENSOR DE TEMPERATURA COMPATIVEL GE,,220.68,223.55,245.20,248.38,,
W0001A,SENSOR TEMPERATURA REUTILIZAVEL ADULTO DE PELE,,96.82,98.07,121.02,122.59,,
W0004A,SENSOR TEMPERATURA REUTILIZAVEL ADULTO DE PELE COMPATIVEL 10K SERIES,,86.17,87.29,95.75,96.99,,
W0113A,SENSOR TEMPERATURA REUTILIZAVEL ADULTO DE PELE COMPATIVEL BIOLIGHT,,141.74,143.58,157.49,159.53,,
W0128A,SENSOR TEMPERATURA REUTILIZAVEL ADULTO DE PELE COMPATIVEL COMEN,,109.83,111.26,137.28,139.07,,
W0015,A SENSOR TEMPERATURA REUTILIZAVEL ADULTO DE PELE COMPATIVEL GE,,209.44,212.16,232.71,235.74,,
W0013A,SENSOR TEMPERATURA REUTILIZAVEL ADULTO DE PELE COMPATIVEL MINDRAY,,181.81,184.18,202.01,204.64,,
W0003A,SENSOR TEMPERATURA REUTILIZAVEL ADULTO DE PELE COMPATIVEL PHILIPS,,125.06,126.69,138.96,140.76,,
W0008A,SENSOR TEMPERATURA REUTILIZAVEL ADULTO DE PELE COMPATIVEL SIEMENS DRAGER,,136.70,138.48,151.89,153.86,,
W0001B,SENSOR TEMPERATURA REUTILIZAVEL ADULTO ESOFAGICO RETAL,,95.69,96.93,119.61,121.17,,
W0004B,SENSOR TEMPERATURA REUTILIZAVEL ADULTO ESOFAGICO RETAL COMPATIVEL 10K SERIES,,88.54,89.69,98.38,99.66,,
W0113B,SENSOR TEMPERATURA REUTILIZAVEL ADULTO ESOFAGICO RETAL COMPATIVEL BIOLIGHT,,141.73,143.58,157.48,159.53,,
W0128B,SENSOR TEMPERATURA REUTILIZAVEL ADULTO ESOFAGICO RETAL COMPATIVEL COMEN,,141.73,143.58,157.48,159.53,,
W0005B/W0015B,SENSOR TEMPERATURA REUTILIZAVEL ADULTO ESOFAGICO RETAL COMPATIVEL GE,,203.88,206.53,254.84,258.16,,
W0013B,SENSOR TEMPERATURA REUTILIZAVEL ADULTO ESOFAGICO RETAL COMPATIVEL MINDRAY,,169.69,171.89,188.54,190.99,,
W0003B,SENSOR TEMPERATURA REUTILIZAVEL ADULTO ESOFAGICO RETAL COMPATIVEL PHILIPS,,135.80,137.57,150.89,152.86,,
W0008B,SENSOR TEMPERATURA REUTILIZAVEL ADULTO ESOFAGICO RETAL COMPATIVEL SIEMENS DRAGER,,123.50,125.10,154.37,156.38,,
W0001C,SENSOR TEMPERATURA REUTILIZAVEL PEDIATRICO DE PELE,,51.52,52.19,51.52,52.19,,
W0013C,SENSOR TEMPERATURA REUTILIZAVEL PEDIATRICO DE PELE COMPATIVEL MINDRAY,,192.19,194.68,240.23,243.36,,
W0008C,SENSOR TEMPERATURA REUTILIZAVEL PEDIATRICO DE PELE COMPATIVEL SIEMENS DRAGER,,67.49,68.37,67.49,68.37,,
W0001D,SENSOR TEMPERATURA REUTILIZAVEL PEDIATRICO ESOF RETAL,,100.04,101.34,125.05,126.67,,
W0013D,SENSOR TEMPERATURA REUTILIZAVEL PEDIATRICO ESOFAGICO RETAL COMPATIVEL MINDRAY,,192.89,195.40,241.11,244.25,,
W0008D,SENSOR TEMPERATURA REUTILIZAVEL PEDIATRICO ESOFAGICO RETAL COMPATIVEL SIEMENS DRAGER,,77.15,78.15,77.15,78.15,,
